year	title	country
2018	волк и семеро козлят	россия
2018	за пределом	польша
2018	дебют	беларусь
2018	брагино	франция,финляндия,россия
2018	алисия	нидерланды
2018	пятое солнце	финляндия
2018	женщина в плену	венгрия
2018	война снайпера	сша,украина,россия
2018	проект «бабушка»	венгрия,германия,великобритания
2018	ткачи	китай
2018	когда бог спит	сша,германия
2018	зовите меня тони	польша
2018	истории шакала	аргентина
2018	макала	франция,демократическая республика конго
2019	диагноз	польша
2019	14 яблок	тайвань,мьянма
2019	сплю и вижу	германия,египет
2019	жизнь это вера	китай
2019	красивые вещи	италия
2019	лапю	колумбия
2019	любимые	иран
2019	остров	германия
2019	охотник за привидениями	австралия
2019	ты спишь, братец якоб?	австрия
2019	услышь песнь мою, сестра	канада,израиль
2019	хозяин оленей	россия
2020	акаса, мой дом	румыния,дания,финляндия
2020	безумный александр	канада
2020	дитя любви	дания
2020	за горизонтом	чехия
2020	исчезающая деревня	китай
2020	санкара жив	франция,буркина-фасо
2020	пена	россия,катар
2020	сделано в китае	испания,китай
2020	солнце внутри	бразилия
2020	уроки любви	польша
2020	принять вызов	сша
2020	лавмобиль	германия
2021	грязные птахи	сша,мексика
2021	война раи синициной	израиль
2021	дальний план	россия
2021	её мамы	венгрия
2021	между огнем и водой	колумбия
2021	новая смена	чехия
2021	портрет	канада
2021	принц мечты	швеция,дания
2021	ранчо	аргентина
2021	скитания. история рохинджа	канада,бангладеш
2021	мамонт	бельгия
2022	дети спящего великана	италия
2022	джейсон	нидерланды
2022	живой	россия
2022	красная африка	россия,португалия
2022	мистер тан	китай
2022	нет пути домой	перу,аргентина
2022	прятки	великобритания,италия
2022	путешествие пати	мексика
2022	солдат ахмет	австрия
2022	чайла	франция
2023	сцена за сценой	россия
2023	судьба	иран
2023	святая дилемма	венгрия
2023	последний теплоход	россия
2023	после моста	италия
2023	наталия	сша
2023	ландшафт	германия
2023	долгая дорога домой	китай
2023	дозор	греция
2023	горькие дни	центральноафриканская республика
2024	аль джаннат — исходный рай	буркина-фасо
2024	белая гвардия	канада,мексика
2024	горько-сладкая баллада	китай
2024	колесо обозрения	турция
2024	можно я не буду умирать?	россия
2024	молодость	италия
2024	мора всё ещё здесь	марокко,франция
2024	ромина	италия
2024	среди мёртвых, среди живых	россия
2024	текстура лжи	израиль,сербия
2024	хостел	мексика
2024	я не умру	венгрия
